subject_id,subject_label,subject_type,predicate_id,predicate_label,object_id,object_category,object_label,object_type,mapping_justification,comment,license,mapping_date,author_id,author_label,reviewer_id,reviewer_label,creator_id,creator_label,term_local_name,term_iri
https://schema.org/addressCountry,Address Country,rdf property,http://www.w3.org/2004/02/skos/core#exactMatch,exactMatch,https://schema.org/addressCountry,PostalAddress,,rdf property,Concepts align exactly.,,https://creativecommons.org/publicdomain/zero/1.0/,22/06/2023,https://orcid.org/0000-0001-6496-1423,Matt Woodburn,,,https://orcid.org/0000-0001-6496-1423,Matt Woodburn,addressCountry,https://schema.org/addressCountry
https://schema.org/addressLocality,Address Locality,rdf property,http://www.w3.org/2004/02/skos/core#exactMatch,exactMatch,https://schema.org/addressLocality,PostalAddress,,rdf property,Concepts align exactly.,,https://creativecommons.org/publicdomain/zero/1.0/,22/06/2023,https://orcid.org/0000-0001-6496-1423,Matt Woodburn,,,https://orcid.org/0000-0001-6496-1423,Matt Woodburn,addressLocality,https://schema.org/addressLocality
https://schema.org/addressRegion,Address Region,rdf property,http://www.w3.org/2004/02/skos/core#exactMatch,exactMatch,https://schema.org/addressRegion,PostalAddress,,rdf property,Concepts align exactly.,,https://creativecommons.org/publicdomain/zero/1.0/,22/06/2023,https://orcid.org/0000-0001-6496-1423,Matt Woodburn,,,https://orcid.org/0000-0001-6496-1423,Matt Woodburn,addressRegion,https://schema.org/addressRegion
http://rs.tdwg.org/ltc/terms/addressType,Address Type,rdf property,http://www.w3.org/2004/02/skos/core#broadMatch,broadMatch,https://schema.org/contactType,ContactPoint,,rdf property,"Address is a subtype of contact, so addressType is a more specific use of contactType.",,https://creativecommons.org/publicdomain/zero/1.0/,22/06/2023,https://orcid.org/0000-0001-6496-1423,Matt Woodburn,,,https://orcid.org/0000-0001-6496-1423,Matt Woodburn,addressType,http://rs.tdwg.org/ltc/terms/addressType
http://rs.tdwg.org/ltc/terms/hasIdentifier,Has Identifier,rdf property,http://www.w3.org/2004/02/skos/core#broadMatch,broadMatch,http://purl.org/dc/terms/relation,DCMI Metadata Terms,Relation,rdf property,LtC applies constraints to the subject and object classes of the relation.,,https://creativecommons.org/publicdomain/zero/1.0/,22/06/2023,https://orcid.org/0000-0001-6496-1423,Matt Woodburn,,,https://orcid.org/0000-0001-6496-1423,Matt Woodburn,hasIdentifier,http://rs.tdwg.org/ltc/terms/hasIdentifier
https://schema.org/postalCode,Postal Code,rdf property,http://www.w3.org/2004/02/skos/core#exactMatch,exactMatch,https://schema.org/postalCode,PostalAddress,,rdf property,Concepts align exactly.,,https://creativecommons.org/publicdomain/zero/1.0/,22/06/2023,https://orcid.org/0000-0001-6496-1423,Matt Woodburn,,,https://orcid.org/0000-0001-6496-1423,Matt Woodburn,postalCode,https://schema.org/postalCode
https://schema.org/postOfficeBoxNumber,Post Office Box Number,rdf property,http://www.w3.org/2004/02/skos/core#exactMatch,exactMatch,https://schema.org/postOfficeBoxNumber,PostalAddress,,rdf property,Concepts align exactly.,,https://creativecommons.org/publicdomain/zero/1.0/,22/06/2023,https://orcid.org/0000-0001-6496-1423,Matt Woodburn,,,https://orcid.org/0000-0001-6496-1423,Matt Woodburn,postOfficeBoxNumber,https://schema.org/postOfficeBoxNumber
https://schema.org/streetAddress,Street Address,rdf property,http://www.w3.org/2004/02/skos/core#exactMatch,exactMatch,https://schema.org/streetAddress,PostalAddress,,rdf property,Concepts align exactly.,,https://creativecommons.org/publicdomain/zero/1.0/,22/06/2023,https://orcid.org/0000-0001-6496-1423,Matt Woodburn,,,https://orcid.org/0000-0001-6496-1423,Matt Woodburn,streetAddress,https://schema.org/streetAddress
http://rs.tdwg.org/chrono/terms/chronometricAgeProtocol,Chronometric Age Protocol,rdf property,http://www.w3.org/2004/02/skos/core#exactMatch,exactMatch,http://rs.tdwg.org/chrono/terms/chronometricAgeProtocol,ChronometricAge,Chronometric Age Protocol,rdf property,The same concept applies to the objects within an ltc:ObjectGroup as it does to a single object.,,https://creativecommons.org/publicdomain/zero/1.0/,22/06/2023,https://orcid.org/0000-0001-6496-1423,Matt Woodburn,,,https://orcid.org/0000-0001-6496-1423,Matt Woodburn,chronometricAgeProtocol,http://rs.tdwg.org/chrono/terms/chronometricAgeProtocol
http://rs.tdwg.org/chrono/terms/chronometricAgeRemarks,Chronometric Age Remarks,rdf property,http://www.w3.org/2004/02/skos/core#exactMatch,exactMatch,http://rs.tdwg.org/chrono/terms/chronometricAgeRemarks,ChronometricAge,Chronometric Age Remarks,rdf property,The same concept applies to the objects within an ltc:ObjectGroup as it does to a single object.,,https://creativecommons.org/publicdomain/zero/1.0/,22/06/2023,https://orcid.org/0000-0001-6496-1423,Matt Woodburn,,,https://orcid.org/0000-0001-6496-1423,Matt Woodburn,chronometricAgeRemarks,http://rs.tdwg.org/chrono/terms/chronometricAgeRemarks
http://rs.tdwg.org/chrono/terms/chronometricAgeUncertaintyInYears,Chronometric Age Uncertainty In Years,rdf property,http://www.w3.org/2004/02/skos/core#exactMatch,exactMatch,http://rs.tdwg.org/chrono/terms/chronometricAgeUncertaintyInYears,ChronometricAge,Chronometric Age Uncertainty In Years,rdf property,The same concept applies to the objects within an ltc:ObjectGroup as it does to a single object.,,https://creativecommons.org/publicdomain/zero/1.0/,22/06/2023,https://orcid.org/0000-0001-6496-1423,Matt Woodburn,,,https://orcid.org/0000-0001-6496-1423,Matt Woodburn,chronometricAgeUncertaintyInYears,http://rs.tdwg.org/chrono/terms/chronometricAgeUncertaintyInYears
http://rs.tdwg.org/chrono/terms/earliestChronometricAge,Earliest Chronometric Age,rdf property,http://www.w3.org/2004/02/skos/core#exactMatch,exactMatch,http://rs.tdwg.org/chrono/terms/earliestChronometricAge,ChronometricAge,Earliest Chronometric Age,rdf property,The same concept applies to the objects within an ltc:ObjectGroup as it does to a single object.,,https://creativecommons.org/publicdomain/zero/1.0/,22/06/2023,https://orcid.org/0000-0001-6496-1423,Matt Woodburn,,,https://orcid.org/0000-0001-6496-1423,Matt Woodburn,earliestChronometricAge,http://rs.tdwg.org/chrono/terms/earliestChronometricAge
http://rs.tdwg.org/chrono/terms/earliestChronometricAgeReferenceSystem,Earliest Chronometric Age Reference System,rdf property,http://www.w3.org/2004/02/skos/core#exactMatch,exactMatch,http://rs.tdwg.org/chrono/terms/earliestChronometricAgeReferenceSystem,ChronometricAge,Earliest Chronometric Age Reference System,rdf property,The same concept applies to the objects within an ltc:ObjectGroup as it does to a single object.,,https://creativecommons.org/publicdomain/zero/1.0/,22/06/2023,https://orcid.org/0000-0001-6496-1423,Matt Woodburn,,,https://orcid.org/0000-0001-6496-1423,Matt Woodburn,earliestChronometricAgeReferenceSystem,http://rs.tdwg.org/chrono/terms/earliestChronometricAgeReferenceSystem
http://rs.tdwg.org/ltc/terms/chronometricAgeProtocol,Has Identifier,rdf property,http://www.w3.org/2004/02/skos/core#broadMatch,broadMatch,http://purl.org/dc/terms/relation,DCMI Metadata Terms,Relation,rdf property,LtC applies constraints to the subject and object classes of the relation.,,https://creativecommons.org/publicdomain/zero/1.0/,22/06/2023,https://orcid.org/0000-0001-6496-1423,Matt Woodburn,,,https://orcid.org/0000-0001-6496-1423,Matt Woodburn,chronometricAgeProtocol,http://rs.tdwg.org/ltc/terms/chronometricAgeProtocol
http://rs.tdwg.org/ltc/terms/chronometricAgeRemarks,Has Measurement Or Fact,rdf property,http://www.w3.org/2004/02/skos/core#broadMatch,broadMatch,http://purl.org/dc/terms/relation,DCMI Metadata Terms,Relation,rdf property,LtC applies constraints to the subject and object classes of the relation.,,https://creativecommons.org/publicdomain/zero/1.0/,22/06/2023,https://orcid.org/0000-0001-6496-1423,Matt Woodburn,,,https://orcid.org/0000-0001-6496-1423,Matt Woodburn,chronometricAgeRemarks,http://rs.tdwg.org/ltc/terms/chronometricAgeRemarks
http://rs.tdwg.org/ltc/terms/chronometricAgeUncertaintyInYears,Has Reference,rdf property,http://www.w3.org/2004/02/skos/core#broadMatch,broadMatch,http://purl.org/dc/terms/relation,DCMI Metadata Terms,Relation,rdf property,LtC applies constraints to the subject and object classes of the relation.,,https://creativecommons.org/publicdomain/zero/1.0/,22/06/2023,https://orcid.org/0000-0001-6496-1423,Matt Woodburn,,,https://orcid.org/0000-0001-6496-1423,Matt Woodburn,chronometricAgeUncertaintyInYears,http://rs.tdwg.org/ltc/terms/chronometricAgeUncertaintyInYears
http://rs.tdwg.org/chrono/terms/latestChronometricAge,Latest Chronometric Age,rdf property,http://www.w3.org/2004/02/skos/core#exactMatch,exactMatch,http://rs.tdwg.org/chrono/terms/latestChronometricAge,ChronometricAge,Latest Chronometric Age,rdf property,The same concept applies to the objects within an ltc:ObjectGroup as it does to a single object.,,https://creativecommons.org/publicdomain/zero/1.0/,22/06/2023,https://orcid.org/0000-0001-6496-1423,Matt Woodburn,,,https://orcid.org/0000-0001-6496-1423,Matt Woodburn,latestChronometricAge,http://rs.tdwg.org/chrono/terms/latestChronometricAge
http://rs.tdwg.org/chrono/terms/latestChronometricAgeReferenceSystem,Latest Chronometric Age Reference System,rdf property,http://www.w3.org/2004/02/skos/core#exactMatch,exactMatch,http://rs.tdwg.org/chrono/terms/latestChronometricAgeReferenceSystem,ChronometricAge,Latest Chronometric Age Reference System,rdf property,The same concept applies to the objects within an ltc:ObjectGroup as it does to a single object.,,https://creativecommons.org/publicdomain/zero/1.0/,22/06/2023,https://orcid.org/0000-0001-6496-1423,Matt Woodburn,,,https://orcid.org/0000-0001-6496-1423,Matt Woodburn,latestChronometricAgeReferenceSystem,http://rs.tdwg.org/chrono/terms/latestChronometricAgeReferenceSystem
http://rs.tdwg.org/chrono/terms/verbatimChronometricAge,Verbatim Chronometric Age,rdf property,http://www.w3.org/2004/02/skos/core#exactMatch,exactMatch,http://rs.tdwg.org/chrono/terms/verbatimChronometricAge,ChronometricAge,Verbatim Chronometric Age,rdf property,The same concept applies to the objects within an ltc:ObjectGroup as it does to a single object.,,https://creativecommons.org/publicdomain/zero/1.0/,22/06/2023,https://orcid.org/0000-0001-6496-1423,Matt Woodburn,,,https://orcid.org/0000-0001-6496-1423,Matt Woodburn,verbatimChronometricAge,http://rs.tdwg.org/chrono/terms/verbatimChronometricAge
http://rs.tdwg.org/ltc/terms/hasMeasurementOrFact,Has Measurement Or Fact,rdf property,http://www.w3.org/2004/02/skos/core#broadMatch,broadMatch,http://purl.org/dc/terms/relation,DCMI Metadata Terms,Relation,rdf property,LtC applies constraints to the subject and object classes of the relation.,,https://creativecommons.org/publicdomain/zero/1.0/,22/06/2023,https://orcid.org/0000-0001-6496-1423,Matt Woodburn,,,https://orcid.org/0000-0001-6496-1423,Matt Woodburn,hasMeasurementOrFact,http://rs.tdwg.org/ltc/terms/hasMeasurementOrFact
http://rs.tdwg.org/ltc/terms/hasReference,Has Reference,rdf property,http://www.w3.org/2004/02/skos/core#broadMatch,broadMatch,http://purl.org/dc/terms/relation,DCMI Metadata Terms,Relation,rdf property,LtC applies constraints to the subject and object classes of the relation.,,https://creativecommons.org/publicdomain/zero/1.0/,22/06/2023,https://orcid.org/0000-0001-6496-1423,Matt Woodburn,,,https://orcid.org/0000-0001-6496-1423,Matt Woodburn,hasReference,http://rs.tdwg.org/ltc/terms/hasReference
http://rs.tdwg.org/ltc/terms/hasTemporalCoverage,Has Temporal Coverage,rdf property,http://www.w3.org/2004/02/skos/core#broadMatch,broadMatch,http://purl.org/dc/terms/relation,DCMI Metadata Terms,Relation,rdf property,LtC applies constraints to the subject and object classes of the relation.,,https://creativecommons.org/publicdomain/zero/1.0/,22/06/2023,https://orcid.org/0000-0001-6496-1423,Matt Woodburn,,,https://orcid.org/0000-0001-6496-1423,Matt Woodburn,hasTemporalCoverage,http://rs.tdwg.org/ltc/terms/hasTemporalCoverage
http://rs.tdwg.org/ltc/terms/statusType,Status Type,rdf property,http://www.w3.org/2004/02/skos/core#broadMatch,broadMatch,http://purl.org/dc/terms/type,DCMI Metadata Terms,Type,rdf property,"The LtC term is a more specific, contextual subtype of the object term.",,https://creativecommons.org/publicdomain/zero/1.0/,22/06/2023,https://orcid.org/0000-0001-6496-1423,Matt Woodburn,,,https://orcid.org/0000-0001-6496-1423,Matt Woodburn,statusType,http://rs.tdwg.org/ltc/terms/statusType
http://rs.tdwg.org/ltc/terms/contactDetailCategory,Contact Detail Category,rdf property,http://www.w3.org/2004/02/skos/core#broadMatch,broadMatch,http://purl.org/dc/terms/type,DCMI Metadata Terms,Type,rdf property,"The LtC term is a more specific, contextual subtype of the object term.",,https://creativecommons.org/publicdomain/zero/1.0/,22/06/2023,https://orcid.org/0000-0001-6496-1423,Matt Woodburn,,,https://orcid.org/0000-0001-6496-1423,Matt Woodburn,contactDetailCategory,http://rs.tdwg.org/ltc/terms/contactDetailCategory
http://rs.tdwg.org/ltc/terms/contactDetailValue,Contact Detail Value,rdf property,http://www.w3.org/2004/02/skos/core#narrowMatch,narrowMatch,https://schema.org/email,ContactPoint; Organization; Person,,rdf property,The LtC term has a more generic scope that covers the values for multiple contact types.,,https://creativecommons.org/publicdomain/zero/1.0/,22/06/2023,https://orcid.org/0000-0001-6496-1423,Matt Woodburn,,,https://orcid.org/0000-0001-6496-1423,Matt Woodburn,contactDetailValue,http://rs.tdwg.org/ltc/terms/contactDetailValue
http://rs.tdwg.org/ltc/terms/contactDetailValue,Contact Detail Value,rdf property,http://www.w3.org/2004/02/skos/core#narrowMatch,narrowMatch,https://schema.org/faxNumber,ContactPoint; Organization; Person,,rdf property,The LtC term has a more generic scope that covers the values for multiple contact types.,,https://creativecommons.org/publicdomain/zero/1.0/,22/06/2023,https://orcid.org/0000-0001-6496-1423,Matt Woodburn,,,https://orcid.org/0000-0001-6496-1423,Matt Woodburn,contactDetailValue,http://rs.tdwg.org/ltc/terms/contactDetailValue
http://rs.tdwg.org/ltc/terms/contactDetailValue,Contact Detail Value,rdf property,http://www.w3.org/2004/02/skos/core#narrowMatch,narrowMatch,https://schema.org/telephone,ContactPoint; Organization; Person,,rdf property,The LtC term has a more generic scope that covers the values for multiple contact types.,,https://creativecommons.org/publicdomain/zero/1.0/,22/06/2023,https://orcid.org/0000-0001-6496-1423,Matt Woodburn,,,https://orcid.org/0000-0001-6496-1423,Matt Woodburn,contactDetailValue,http://rs.tdwg.org/ltc/terms/contactDetailValue
http://rs.tdwg.org/ltc/terms/habitat,Habitat,rdf property,http://www.w3.org/2004/02/skos/core#closeMatch,closeMatch,http://rs.tdwg.org/dwc/terms/habitat,Event,Habitat,rdf property,LtC has a different parent class (EcologicalContext) which may be linked directly to an ObjectGroup without defining an event.,,https://creativecommons.org/publicdomain/zero/1.0/,22/06/2023,https://orcid.org/0000-0001-6496-1423,Matt Woodburn,,,https://orcid.org/0000-0001-6496-1423,Matt Woodburn,habitat,http://rs.tdwg.org/ltc/terms/habitat
http://rs.tdwg.org/ltc/terms/eventName,Event Name,rdf property,http://www.w3.org/2004/02/skos/core#broadMatch,broadMatch,http://purl.org/dc/terms/title,DCMI Metadata Terms,Title,rdf property,LtC narrows scope to the title of an Event.,,https://creativecommons.org/publicdomain/zero/1.0/,22/06/2023,https://orcid.org/0000-0001-6496-1423,Matt Woodburn,,,https://orcid.org/0000-0001-6496-1423,Matt Woodburn,eventName,http://rs.tdwg.org/ltc/terms/eventName
http://rs.tdwg.org/ltc/terms/hasEcologicalContext,Has Ecological Context,rdf property,http://www.w3.org/2004/02/skos/core#broadMatch,broadMatch,http://purl.org/dc/terms/relation,DCMI Metadata Terms,Relation,rdf property,LtC applies constraints to the subject and object classes of the relation.,,https://creativecommons.org/publicdomain/zero/1.0/,22/06/2023,https://orcid.org/0000-0001-6496-1423,Matt Woodburn,,,https://orcid.org/0000-0001-6496-1423,Matt Woodburn,hasEcologicalContext,http://rs.tdwg.org/ltc/terms/hasEcologicalContext
http://rs.tdwg.org/ltc/terms/hasGeographicContext,Has Geographic Context,rdf property,http://www.w3.org/2004/02/skos/core#broadMatch,broadMatch,http://purl.org/dc/terms/relation,DCMI Metadata Terms,Relation,rdf property,LtC applies constraints to the subject and object classes of the relation.,,https://creativecommons.org/publicdomain/zero/1.0/,22/06/2023,https://orcid.org/0000-0001-6496-1423,Matt Woodburn,,,https://orcid.org/0000-0001-6496-1423,Matt Woodburn,hasGeographicContext,http://rs.tdwg.org/ltc/terms/hasGeographicContext
http://rs.tdwg.org/ltc/terms/hasParentEvent,Has Parent Event,rdf property,http://www.w3.org/2004/02/skos/core#broadMatch,broadMatch,http://purl.org/dc/terms/relation,DCMI Metadata Terms,Relation,rdf property,LtC applies constraints to the subject and object classes of the relation.,,https://creativecommons.org/publicdomain/zero/1.0/,22/06/2023,https://orcid.org/0000-0001-6496-1423,Matt Woodburn,,,https://orcid.org/0000-0001-6496-1423,Matt Woodburn,hasParentEvent,http://rs.tdwg.org/ltc/terms/hasParentEvent
http://rs.tdwg.org/ltc/terms/hasPersonRole,Has Person Role,rdf property,http://www.w3.org/2004/02/skos/core#broadMatch,broadMatch,http://purl.org/dc/terms/relation,DCMI Metadata Terms,Relation,rdf property,LtC applies constraints to the subject and object classes of the relation.,,https://creativecommons.org/publicdomain/zero/1.0/,22/06/2023,https://orcid.org/0000-0001-6496-1423,Matt Woodburn,,,https://orcid.org/0000-0001-6496-1423,Matt Woodburn,hasPersonRole,http://rs.tdwg.org/ltc/terms/hasPersonRole
http://rs.tdwg.org/dwc/terms/samplingProtocol,Sampling Protocol,rdf property,http://www.w3.org/2004/02/skos/core#broadMatch,broadMatch,http://rs.tdwg.org/dwc/terms/samplingProtocol,Event,Sampling Protocol,rdf property,,,https://creativecommons.org/publicdomain/zero/1.0/,22/06/2023,https://orcid.org/0000-0001-6496-1423,Matt Woodburn,,,https://orcid.org/0000-0001-6496-1423,Matt Woodburn,samplingProtocol,http://rs.tdwg.org/dwc/terms/samplingProtocol
http://rs.tdwg.org/dwc/terms/verbatimEventDate,Verbatim Event Date,rdf property,http://www.w3.org/2004/02/skos/core#exactMatch,exactMatch,http://rs.tdwg.org/dwc/terms/verbatimEventDate,Event,Verbatim Event Date,rdf property,,,https://creativecommons.org/publicdomain/zero/1.0/,22/06/2023,https://orcid.org/0000-0001-6496-1423,Matt Woodburn,,,https://orcid.org/0000-0001-6496-1423,Matt Woodburn,verbatimEventDate,http://rs.tdwg.org/dwc/terms/verbatimEventDate
http://rs.tdwg.org/dwc/terms/continent,Continent,rdf property,http://www.w3.org/2004/02/skos/core#exactMatch,exactMatch,http://rs.tdwg.org/dwc/terms/continent,Location,Continent,rdf property,,,https://creativecommons.org/publicdomain/zero/1.0/,22/06/2023,https://orcid.org/0000-0001-6496-1423,Matt Woodburn,,,https://orcid.org/0000-0001-6496-1423,Matt Woodburn,continent,http://rs.tdwg.org/dwc/terms/continent
http://rs.tdwg.org/dwc/terms/country,Country,rdf property,http://www.w3.org/2004/02/skos/core#exactMatch,exactMatch,http://rs.tdwg.org/dwc/terms/country,Location,Country,rdf property,,,https://creativecommons.org/publicdomain/zero/1.0/,22/06/2023,https://orcid.org/0000-0001-6496-1423,Matt Woodburn,,,https://orcid.org/0000-0001-6496-1423,Matt Woodburn,country,http://rs.tdwg.org/dwc/terms/country
http://rs.tdwg.org/dwc/terms/countryCode,Country Code,rdf property,http://www.w3.org/2004/02/skos/core#exactMatch,exactMatch,http://rs.tdwg.org/dwc/terms/countryCode,Location,Country Code,rdf property,,,https://creativecommons.org/publicdomain/zero/1.0/,22/06/2023,https://orcid.org/0000-0001-6496-1423,Matt Woodburn,,,https://orcid.org/0000-0001-6496-1423,Matt Woodburn,countryCode,http://rs.tdwg.org/dwc/terms/countryCode
http://rs.tdwg.org/dwc/terms/county,Second Order Division,rdf property,http://www.w3.org/2004/02/skos/core#exactMatch,exactMatch,http://rs.tdwg.org/dwc/terms/county,Location,County,rdf property,,,https://creativecommons.org/publicdomain/zero/1.0/,22/06/2023,https://orcid.org/0000-0001-6496-1423,Matt Woodburn,,,https://orcid.org/0000-0001-6496-1423,Matt Woodburn,county,http://rs.tdwg.org/dwc/terms/county
http://rs.tdwg.org/dwc/terms/island,Island,rdf property,http://www.w3.org/2004/02/skos/core#exactMatch,exactMatch,http://rs.tdwg.org/dwc/terms/island,Location,Island,rdf property,,,https://creativecommons.org/publicdomain/zero/1.0/,22/06/2023,https://orcid.org/0000-0001-6496-1423,Matt Woodburn,,,https://orcid.org/0000-0001-6496-1423,Matt Woodburn,island,http://rs.tdwg.org/dwc/terms/island
http://rs.tdwg.org/dwc/terms/islandGroup,Island Group,rdf property,http://www.w3.org/2004/02/skos/core#exactMatch,exactMatch,http://rs.tdwg.org/dwc/terms/islandGroup,Location,Island Group,rdf property,,,https://creativecommons.org/publicdomain/zero/1.0/,22/06/2023,https://orcid.org/0000-0001-6496-1423,Matt Woodburn,,,https://orcid.org/0000-0001-6496-1423,Matt Woodburn,islandGroup,http://rs.tdwg.org/dwc/terms/islandGroup
http://rs.tdwg.org/dwc/terms/locality,Locality,rdf property,http://www.w3.org/2004/02/skos/core#exactMatch,exactMatch,http://rs.tdwg.org/dwc/terms/locality,Location,Locality,rdf property,,,https://creativecommons.org/publicdomain/zero/1.0/,22/06/2023,https://orcid.org/0000-0001-6496-1423,Matt Woodburn,,,https://orcid.org/0000-0001-6496-1423,Matt Woodburn,locality,http://rs.tdwg.org/dwc/terms/locality
http://rs.tdwg.org/dwc/terms/municipality,Municipality,rdf property,http://www.w3.org/2004/02/skos/core#exactMatch,exactMatch,http://rs.tdwg.org/dwc/terms/municipality,Location,Municipality,rdf property,,,https://creativecommons.org/publicdomain/zero/1.0/,22/06/2023,https://orcid.org/0000-0001-6496-1423,Matt Woodburn,,,https://orcid.org/0000-0001-6496-1423,Matt Woodburn,municipality,http://rs.tdwg.org/dwc/terms/municipality
http://rs.tdwg.org/ltc/terms/region,Region,rdf property,http://www.w3.org/2004/02/skos/core#relatedMatch,relatedMatch,http://rs.tdwg.org/dwc/terms/locality,Location,Locality,rdf property,LtC adds a more specific subtype of location.,,https://creativecommons.org/publicdomain/zero/1.0/,22/06/2023,https://orcid.org/0000-0001-6496-1423,Matt Woodburn,,,https://orcid.org/0000-0001-6496-1423,Matt Woodburn,region,http://rs.tdwg.org/ltc/terms/region
http://rs.tdwg.org/dwc/terms/stateProvince,First Order Division,rdf property,http://www.w3.org/2004/02/skos/core#exactMatch,exactMatch,http://rs.tdwg.org/dwc/terms/stateProvince,Location,State Province,rdf property,,,https://creativecommons.org/publicdomain/zero/1.0/,22/06/2023,https://orcid.org/0000-0001-6496-1423,Matt Woodburn,,,https://orcid.org/0000-0001-6496-1423,Matt Woodburn,stateProvince,http://rs.tdwg.org/dwc/terms/stateProvince
http://rs.tdwg.org/dwc/terms/waterBody,Water Body,rdf property,http://www.w3.org/2004/02/skos/core#exactMatch,exactMatch,http://rs.tdwg.org/dwc/terms/waterBody,Location,Water Body,rdf property,,,https://creativecommons.org/publicdomain/zero/1.0/,22/06/2023,https://orcid.org/0000-0001-6496-1423,Matt Woodburn,,,https://orcid.org/0000-0001-6496-1423,Matt Woodburn,waterBody,http://rs.tdwg.org/dwc/terms/waterBody
http://rs.tdwg.org/ltc/terms/waterBodyType,Waterbody Type,rdf property,http://www.w3.org/2004/02/skos/core#broadMatch,broadMatch,http://purl.org/dc/terms/type,DCMI Metadata Terms,Type,rdf property,LtC constrains to a more specific context.,,https://creativecommons.org/publicdomain/zero/1.0/,22/06/2023,https://orcid.org/0000-0001-6496-1423,Matt Woodburn,,,https://orcid.org/0000-0001-6496-1423,Matt Woodburn,waterBodyType,http://rs.tdwg.org/ltc/terms/waterBodyType
http://rs.tdwg.org/dwc/terms/bed,Bed,rdf property,http://www.w3.org/2004/02/skos/core#exactMatch,exactMatch,http://rs.tdwg.org/dwc/terms/bed,GeologicalContext,Bed,rdf property,,,https://creativecommons.org/publicdomain/zero/1.0/,22/06/2023,https://orcid.org/0000-0001-6496-1423,Matt Woodburn,,,https://orcid.org/0000-0001-6496-1423,Matt Woodburn,bed,http://rs.tdwg.org/dwc/terms/bed
http://rs.tdwg.org/dwc/terms/earliestAgeOrLowestStage,Earliest Age Or Lowest Stage,rdf property,http://www.w3.org/2004/02/skos/core#exactMatch,exactMatch,http://rs.tdwg.org/dwc/terms/earliestAgeOrLowestStage,GeologicalContext,Earliest Age Or Lowest Stage,rdf property,,,https://creativecommons.org/publicdomain/zero/1.0/,22/06/2023,https://orcid.org/0000-0001-6496-1423,Matt Woodburn,,,https://orcid.org/0000-0001-6496-1423,Matt Woodburn,earliestAgeOrLowestStage,http://rs.tdwg.org/dwc/terms/earliestAgeOrLowestStage
http://rs.tdwg.org/dwc/terms/earliestEonOrLowestEonothem,Earliest Eon Or Lowest Eonothem,rdf property,http://www.w3.org/2004/02/skos/core#exactMatch,exactMatch,http://rs.tdwg.org/dwc/terms/earliestEonOrLowestEonothem,GeologicalContext,Earliest Eon Or Lowest Eonothem,rdf property,,,https://creativecommons.org/publicdomain/zero/1.0/,22/06/2023,https://orcid.org/0000-0001-6496-1423,Matt Woodburn,,,https://orcid.org/0000-0001-6496-1423,Matt Woodburn,earliestEonOrLowestEonothem,http://rs.tdwg.org/dwc/terms/earliestEonOrLowestEonothem
http://rs.tdwg.org/dwc/terms/earliestEpochOrLowestSeries,Earliest Epoch Or Lowest Series,rdf property,http://www.w3.org/2004/02/skos/core#exactMatch,exactMatch,http://rs.tdwg.org/dwc/terms/earliestEpochOrLowestSeries,GeologicalContext,Earliest Epoch Or Lowest Series,rdf property,,,https://creativecommons.org/publicdomain/zero/1.0/,22/06/2023,https://orcid.org/0000-0001-6496-1423,Matt Woodburn,,,https://orcid.org/0000-0001-6496-1423,Matt Woodburn,earliestEpochOrLowestSeries,http://rs.tdwg.org/dwc/terms/earliestEpochOrLowestSeries
http://rs.tdwg.org/dwc/terms/earliestEraOrLowestErathem,Earliest Era Or Lowest Erathem,rdf property,http://www.w3.org/2004/02/skos/core#exactMatch,exactMatch,http://rs.tdwg.org/dwc/terms/earliestEraOrLowestErathem,GeologicalContext,Earliest Era Or Lowest Erathem,rdf property,,,https://creativecommons.org/publicdomain/zero/1.0/,22/06/2023,https://orcid.org/0000-0001-6496-1423,Matt Woodburn,,,https://orcid.org/0000-0001-6496-1423,Matt Woodburn,earliestEraOrLowestErathem,http://rs.tdwg.org/dwc/terms/earliestEraOrLowestErathem
http://rs.tdwg.org/dwc/terms/earliestPeriodOrLowestSystem,Earliest Period Or Lowest System,rdf property,http://www.w3.org/2004/02/skos/core#exactMatch,exactMatch,http://rs.tdwg.org/dwc/terms/earliestPeriodOrLowestSystem,GeologicalContext,Earliest Period Or Lowest System,rdf property,,,https://creativecommons.org/publicdomain/zero/1.0/,22/06/2023,https://orcid.org/0000-0001-6496-1423,Matt Woodburn,,,https://orcid.org/0000-0001-6496-1423,Matt Woodburn,earliestPeriodOrLowestSystem,http://rs.tdwg.org/dwc/terms/earliestPeriodOrLowestSystem
http://rs.tdwg.org/dwc/terms/formation,Formation,rdf property,http://www.w3.org/2004/02/skos/core#exactMatch,exactMatch,http://rs.tdwg.org/dwc/terms/formation,GeologicalContext,Formation,rdf property,,,https://creativecommons.org/publicdomain/zero/1.0/,22/06/2023,https://orcid.org/0000-0001-6496-1423,Matt Woodburn,,,https://orcid.org/0000-0001-6496-1423,Matt Woodburn,formation,http://rs.tdwg.org/dwc/terms/formation
http://rs.tdwg.org/dwc/terms/group,Group,rdf property,http://www.w3.org/2004/02/skos/core#exactMatch,exactMatch,http://rs.tdwg.org/dwc/terms/group,GeologicalContext,Group,rdf property,,,https://creativecommons.org/publicdomain/zero/1.0/,22/06/2023,https://orcid.org/0000-0001-6496-1423,Matt Woodburn,,,https://orcid.org/0000-0001-6496-1423,Matt Woodburn,group,http://rs.tdwg.org/dwc/terms/group
http://rs.tdwg.org/dwc/terms/latestAgeOrHighestStage,Latest Age Or Highest Stage,rdf property,http://www.w3.org/2004/02/skos/core#exactMatch,exactMatch,http://rs.tdwg.org/dwc/terms/latestAgeOrHighestStage,GeologicalContext,Latest Age Or Highest Stage,rdf property,,,https://creativecommons.org/publicdomain/zero/1.0/,22/06/2023,https://orcid.org/0000-0001-6496-1423,Matt Woodburn,,,https://orcid.org/0000-0001-6496-1423,Matt Woodburn,latestAgeOrHighestStage,http://rs.tdwg.org/dwc/terms/latestAgeOrHighestStage
http://rs.tdwg.org/dwc/terms/latestEonOrHighestEonothem,Latest Eon Or Highest Eonothem,rdf property,http://www.w3.org/2004/02/skos/core#exactMatch,exactMatch,http://rs.tdwg.org/dwc/terms/latestEonOrHighestEonothem,GeologicalContext,Latest Eon Or Highest Eonothem,rdf property,,,https://creativecommons.org/publicdomain/zero/1.0/,22/06/2023,https://orcid.org/0000-0001-6496-1423,Matt Woodburn,,,https://orcid.org/0000-0001-6496-1423,Matt Woodburn,latestEonOrHighestEonothem,http://rs.tdwg.org/dwc/terms/latestEonOrHighestEonothem
http://rs.tdwg.org/dwc/terms/latestEpochOrHighestSeries,Latest Epoch Or Highest Series,rdf property,http://www.w3.org/2004/02/skos/core#exactMatch,exactMatch,http://rs.tdwg.org/dwc/terms/latestEpochOrHighestSeries,GeologicalContext,Latest Epoch Or Highest Series,rdf property,,,https://creativecommons.org/publicdomain/zero/1.0/,22/06/2023,https://orcid.org/0000-0001-6496-1423,Matt Woodburn,,,https://orcid.org/0000-0001-6496-1423,Matt Woodburn,latestEpochOrHighestSeries,http://rs.tdwg.org/dwc/terms/latestEpochOrHighestSeries
http://rs.tdwg.org/dwc/terms/latestEraOrHighestErathem,Latest Era Or Highest Erathem,rdf property,http://www.w3.org/2004/02/skos/core#exactMatch,exactMatch,http://rs.tdwg.org/dwc/terms/latestEraOrHighestErathem,GeologicalContext,Latest Era Or Highest Erathem,rdf property,,,https://creativecommons.org/publicdomain/zero/1.0/,22/06/2023,https://orcid.org/0000-0001-6496-1423,Matt Woodburn,,,https://orcid.org/0000-0001-6496-1423,Matt Woodburn,latestEraOrHighestErathem,http://rs.tdwg.org/dwc/terms/latestEraOrHighestErathem
http://rs.tdwg.org/dwc/terms/latestPeriodOrHighestSystem,Latest Period Or Highest System,rdf property,http://www.w3.org/2004/02/skos/core#exactMatch,exactMatch,http://rs.tdwg.org/dwc/terms/latestPeriodOrHighestSystem,GeologicalContext,Latest Period Or Highest System,rdf property,,,https://creativecommons.org/publicdomain/zero/1.0/,22/06/2023,https://orcid.org/0000-0001-6496-1423,Matt Woodburn,,,https://orcid.org/0000-0001-6496-1423,Matt Woodburn,latestPeriodOrHighestSystem,http://rs.tdwg.org/dwc/terms/latestPeriodOrHighestSystem
http://rs.tdwg.org/dwc/terms/member,Member,rdf property,http://www.w3.org/2004/02/skos/core#exactMatch,exactMatch,http://rs.tdwg.org/dwc/terms/member,GeologicalContext,Member,rdf property,,,https://creativecommons.org/publicdomain/zero/1.0/,22/06/2023,https://orcid.org/0000-0001-6496-1423,Matt Woodburn,,,https://orcid.org/0000-0001-6496-1423,Matt Woodburn,member,http://rs.tdwg.org/dwc/terms/member
http://rs.tdwg.org/ltc/terms/identifierSource,Identifier Source,rdf property,http://www.w3.org/2004/02/skos/core#broadMatch,broadMatch,http://purl.org/dc/terms/source,DCMI Metadata Terms,Source,rdf property,LtC term represents a more specific type of source.,,https://creativecommons.org/publicdomain/zero/1.0/,22/06/2023,https://orcid.org/0000-0001-6496-1423,Matt Woodburn,,,https://orcid.org/0000-0001-6496-1423,Matt Woodburn,identifierSource,http://rs.tdwg.org/ltc/terms/identifierSource
http://rs.tdwg.org/ltc/terms/identifierType,Identifier Type,rdf property,http://www.w3.org/2004/02/skos/core#broadMatch,broadMatch,http://purl.org/dc/terms/type,DCMI Metadata Terms,Type,rdf property,LtC term represents a more specific type of type.,,https://creativecommons.org/publicdomain/zero/1.0/,22/06/2023,https://orcid.org/0000-0001-6496-1423,Matt Woodburn,,,https://orcid.org/0000-0001-6496-1423,Matt Woodburn,identifierType,http://rs.tdwg.org/ltc/terms/identifierType
http://rs.tdwg.org/ltc/terms/identifierValue,Identifier Value,rdf property,http://www.w3.org/2004/02/skos/core#closeMatch,closeMatch,http://purl.org/dc/terms/identifier,DCMI Metadata Terms,Identifier,rdf property,"Concepts are closely aligned, but term name changed in LtC to distinguish from the parent class.",,https://creativecommons.org/publicdomain/zero/1.0/,22/06/2023,https://orcid.org/0000-0001-6496-1423,Matt Woodburn,,,https://orcid.org/0000-0001-6496-1423,Matt Woodburn,identifierValue,http://rs.tdwg.org/ltc/terms/identifierValue
http://rs.tdwg.org/ltc/terms/hasObjectGroup,Has Object Group,rdf property,http://www.w3.org/2004/02/skos/core#broadMatch,broadMatch,http://purl.org/dc/terms/relation,DCMI Metadata Terms,Relation,rdf property,LtC applies constraints to the subject and object classes of the relation.,,https://creativecommons.org/publicdomain/zero/1.0/,22/06/2023,https://orcid.org/0000-0001-6496-1423,Matt Woodburn,,,https://orcid.org/0000-0001-6496-1423,Matt Woodburn,hasObjectGroup,http://rs.tdwg.org/ltc/terms/hasObjectGroup
http://rs.tdwg.org/ltc/terms/hasSchemeMeasurementOrFact,Has Scheme Measurement Or Fact,rdf property,http://www.w3.org/2004/02/skos/core#broadMatch,broadMatch,http://purl.org/dc/terms/relation,DCMI Metadata Terms,Relation,rdf property,LtC applies constraints to the subject and object classes of the relation.,,https://creativecommons.org/publicdomain/zero/1.0/,22/06/2023,https://orcid.org/0000-0001-6496-1423,Matt Woodburn,,,https://orcid.org/0000-0001-6496-1423,Matt Woodburn,hasSchemeMeasurementOrFact,http://rs.tdwg.org/ltc/terms/hasSchemeMeasurementOrFact
http://rs.tdwg.org/ltc/terms/hasSchemeTerm,Has Scheme Term,rdf property,http://www.w3.org/2004/02/skos/core#broadMatch,broadMatch,http://purl.org/dc/terms/relation,DCMI Metadata Terms,Relation,rdf property,LtC applies constraints to the subject and object classes of the relation.,,https://creativecommons.org/publicdomain/zero/1.0/,22/06/2023,https://orcid.org/0000-0001-6496-1423,Matt Woodburn,,,https://orcid.org/0000-0001-6496-1423,Matt Woodburn,hasSchemeTerm,http://rs.tdwg.org/ltc/terms/hasSchemeTerm
http://rs.tdwg.org/ltc/terms/schemeName,Scheme Name,rdf property,http://www.w3.org/2004/02/skos/core#broadMatch,broadMatch,http://purl.org/dc/terms/title,DCMI Metadata Terms,Title,rdf property,LtC narrows scope to the title of a Latimer Core Scheme.,,https://creativecommons.org/publicdomain/zero/1.0/,22/06/2023,https://orcid.org/0000-0001-6496-1423,Matt Woodburn,,,https://orcid.org/0000-0001-6496-1423,Matt Woodburn,schemeName,http://rs.tdwg.org/ltc/terms/schemeName
http://rs.tdwg.org/dwc/terms/measurementAccuracy,Measurement Accuracy,rdf property,http://www.w3.org/2004/02/skos/core#exactMatch,exactMatch,http://rs.tdwg.org/dwc/terms/measurementAccuracy,MeasurementOrFact,Measurement Accuracy,rdf property,,,https://creativecommons.org/publicdomain/zero/1.0/,22/06/2023,https://orcid.org/0000-0001-6496-1423,Matt Woodburn,,,https://orcid.org/0000-0001-6496-1423,Matt Woodburn,measurementAccuracy,http://rs.tdwg.org/dwc/terms/measurementAccuracy
http://rs.tdwg.org/dwc/terms/measurementMethod,Measurement Method,rdf property,http://www.w3.org/2004/02/skos/core#exactMatch,exactMatch,http://rs.tdwg.org/dwc/terms/measurementMethod,MeasurementOrFact,Measurement Method,rdf property,,,https://creativecommons.org/publicdomain/zero/1.0/,22/06/2023,https://orcid.org/0000-0001-6496-1423,Matt Woodburn,,,https://orcid.org/0000-0001-6496-1423,Matt Woodburn,measurementMethod,http://rs.tdwg.org/dwc/terms/measurementMethod
http://rs.tdwg.org/dwc/terms/measurementRemarks,Measurement Remarks,rdf property,http://www.w3.org/2004/02/skos/core#exactMatch,exactMatch,http://rs.tdwg.org/dwc/terms/measurementRemarks,MeasurementOrFact,Measurement Remarks,rdf property,,,https://creativecommons.org/publicdomain/zero/1.0/,22/06/2023,https://orcid.org/0000-0001-6496-1423,Matt Woodburn,,,https://orcid.org/0000-0001-6496-1423,Matt Woodburn,measurementRemarks,http://rs.tdwg.org/dwc/terms/measurementRemarks
http://rs.tdwg.org/dwc/terms/measurementType,Measurement Type,rdf property,http://www.w3.org/2004/02/skos/core#exactMatch,exactMatch,http://rs.tdwg.org/dwc/terms/measurementType,MeasurementOrFact,Measurement Type,rdf property,,,https://creativecommons.org/publicdomain/zero/1.0/,22/06/2023,https://orcid.org/0000-0001-6496-1423,Matt Woodburn,,,https://orcid.org/0000-0001-6496-1423,Matt Woodburn,measurementType,http://rs.tdwg.org/dwc/terms/measurementType
http://rs.tdwg.org/dwc/terms/measurementUnit,Measurement Unit,rdf property,http://www.w3.org/2004/02/skos/core#exactMatch,exactMatch,http://rs.tdwg.org/dwc/terms/measurementUnit,MeasurementOrFact,Measurement Unit,rdf property,,,https://creativecommons.org/publicdomain/zero/1.0/,22/06/2023,https://orcid.org/0000-0001-6496-1423,Matt Woodburn,,,https://orcid.org/0000-0001-6496-1423,Matt Woodburn,measurementUnit,http://rs.tdwg.org/dwc/terms/measurementUnit
http://rs.tdwg.org/dwc/terms/measurementValue,Measurement Value,rdf property,http://www.w3.org/2004/02/skos/core#broadMatch,broadMatch,http://rs.tdwg.org/dwc/terms/measurementValue,MeasurementOrFact,Measurement Value,rdf property,,,https://creativecommons.org/publicdomain/zero/1.0/,22/06/2023,https://orcid.org/0000-0001-6496-1423,Matt Woodburn,,,https://orcid.org/0000-0001-6496-1423,Matt Woodburn,measurementValue,http://rs.tdwg.org/dwc/terms/measurementValue
http://rs.tdwg.org/ltc/terms/hasParentObjectClassification,Has Parent Object Classification,rdf property,http://www.w3.org/2004/02/skos/core#broadMatch,broadMatch,http://purl.org/dc/terms/relation,DCMI Metadata Terms,Relation,rdf property,LtC applies constraints to the subject and object classes of the relation.,,https://creativecommons.org/publicdomain/zero/1.0/,22/06/2023,https://orcid.org/0000-0001-6496-1423,Matt Woodburn,,,https://orcid.org/0000-0001-6496-1423,Matt Woodburn,hasParentObjectClassification,http://rs.tdwg.org/ltc/terms/hasParentObjectClassification
http://rs.tdwg.org/ltc/terms/objectClassificationName,Object Classification Name,rdf property,http://www.w3.org/2004/02/skos/core#broadMatch,broadMatch,http://purl.org/dc/terms/title,DCMI Metadata Terms,Title,rdf property,LtC narrows scope to an object classification title.,,https://creativecommons.org/publicdomain/zero/1.0/,22/06/2023,https://orcid.org/0000-0001-6496-1423,Matt Woodburn,,,https://orcid.org/0000-0001-6496-1423,Matt Woodburn,objectClassificationName,http://rs.tdwg.org/ltc/terms/objectClassificationName
http://rs.tdwg.org/ltc/terms/alternativeCollectionName,Alternative Collection Name,rdf property,http://www.w3.org/2004/02/skos/core#broadMatch,broadMatch,http://purl.org/dc/terms/title,DCMI Metadata Terms,Title,rdf property,LtC narrows scope to the title of a collection.,,https://creativecommons.org/publicdomain/zero/1.0/,22/06/2023,https://orcid.org/0000-0001-6496-1423,Matt Woodburn,,,https://orcid.org/0000-0001-6496-1423,Matt Woodburn,alternativeCollectionName,http://rs.tdwg.org/ltc/terms/alternativeCollectionName
http://rs.tdwg.org/ltc/terms/baseTypeOfObjectGroup,Base Type Of Object Group,rdf property,http://www.w3.org/2004/02/skos/core#broadMatch,broadMatch,http://purl.org/dc/terms/type,DCMI Metadata Terms,Type,rdf property,LtC term represents a more specific type of type.,,https://creativecommons.org/publicdomain/zero/1.0/,22/06/2023,https://orcid.org/0000-0001-6496-1423,Matt Woodburn,,,https://orcid.org/0000-0001-6496-1423,Matt Woodburn,baseTypeOfObjectGroup,http://rs.tdwg.org/ltc/terms/baseTypeOfObjectGroup
http://rs.tdwg.org/ltc/terms/collectionManagementSystem,Collection Management System,rdf property,http://www.w3.org/2004/02/skos/core#broadMatch,broadMatch,http://www.w3.org/ns/prov#SoftwareAgent,Agent,,rdfs class,LtC term represents a more specific type of software agent.,,https://creativecommons.org/publicdomain/zero/1.0/,22/06/2023,https://orcid.org/0000-0001-6496-1423,Matt Woodburn,,,https://orcid.org/0000-0001-6496-1423,Matt Woodburn,collectionManagementSystem,http://rs.tdwg.org/ltc/terms/collectionManagementSystem
http://rs.tdwg.org/ltc/terms/collectionName,Collection Name,rdf property,http://www.w3.org/2004/02/skos/core#broadMatch,broadMatch,http://purl.org/dc/terms/title,DCMI Metadata Terms,Title,rdf property,LtC narrows scope to the title of a collection.,,https://creativecommons.org/publicdomain/zero/1.0/,22/06/2023,https://orcid.org/0000-0001-6496-1423,Matt Woodburn,,,https://orcid.org/0000-0001-6496-1423,Matt Woodburn,collectionName,http://rs.tdwg.org/ltc/terms/collectionName
http://rs.tdwg.org/dwc/terms/degreeOfEstablishment,Degree of Establishment,rdf property,http://www.w3.org/2004/02/skos/core#exactMatch,exactMatch,http://rs.tdwg.org/dwc/terms/degreeOfEstablishment,Occurrence,Degree of Establishment,rdf property,,,https://creativecommons.org/publicdomain/zero/1.0/,22/06/2023,https://orcid.org/0000-0001-6496-1423,Matt Woodburn,,,https://orcid.org/0000-0001-6496-1423,Matt Woodburn,degreeOfEstablishment,http://rs.tdwg.org/dwc/terms/degreeOfEstablishment
http://rs.tdwg.org/ltc/terms/description,Description,rdf property,http://www.w3.org/2004/02/skos/core#broadMatch,broadMatch,http://purl.org/dc/terms/description,DCMI Metadata Terms,Description,rdf property,LtC narrows scope of resources described to ObjectGroups.,,https://creativecommons.org/publicdomain/zero/1.0/,22/06/2023,https://orcid.org/0000-0001-6496-1423,Matt Woodburn,,,https://orcid.org/0000-0001-6496-1423,Matt Woodburn,description,http://rs.tdwg.org/ltc/terms/description
http://rs.tdwg.org/ltc/terms/hasChronometricAge,Has Chronometric Age,rdf property,http://www.w3.org/2004/02/skos/core#broadMatch,broadMatch,http://purl.org/dc/terms/relation,DCMI Metadata Terms,Relation,rdf property,LtC applies constraints to the subject and object classes of the relation.,,https://creativecommons.org/publicdomain/zero/1.0/,22/06/2023,https://orcid.org/0000-0001-6496-1423,Matt Woodburn,,,https://orcid.org/0000-0001-6496-1423,Matt Woodburn,hasChronometricAge,http://rs.tdwg.org/ltc/terms/hasChronometricAge
http://rs.tdwg.org/ltc/terms/hasCollectionStatusHistory,Has Collection Status History,rdf property,http://www.w3.org/2004/02/skos/core#broadMatch,broadMatch,http://purl.org/dc/terms/relation,DCMI Metadata Terms,Relation,rdf property,LtC applies constraints to the subject and object classes of the relation.,,https://creativecommons.org/publicdomain/zero/1.0/,22/06/2023,https://orcid.org/0000-0001-6496-1423,Matt Woodburn,,,https://orcid.org/0000-0001-6496-1423,Matt Woodburn,hasCollectionStatusHistory,http://rs.tdwg.org/ltc/terms/hasCollectionStatusHistory
http://rs.tdwg.org/ltc/terms/hasEvent,Has Event,rdf property,http://www.w3.org/2004/02/skos/core#broadMatch,broadMatch,http://purl.org/dc/terms/relation,DCMI Metadata Terms,Relation,rdf property,LtC applies constraints to the subject and object classes of the relation.,,https://creativecommons.org/publicdomain/zero/1.0/,22/06/2023,https://orcid.org/0000-0001-6496-1423,Matt Woodburn,,,https://orcid.org/0000-0001-6496-1423,Matt Woodburn,hasEvent,http://rs.tdwg.org/ltc/terms/hasEvent
http://rs.tdwg.org/ltc/terms/hasGeologicalContext,Has Geological Context,rdf property,http://www.w3.org/2004/02/skos/core#broadMatch,broadMatch,http://purl.org/dc/terms/relation,DCMI Metadata Terms,Relation,rdf property,LtC applies constraints to the subject and object classes of the relation.,,https://creativecommons.org/publicdomain/zero/1.0/,22/06/2023,https://orcid.org/0000-0001-6496-1423,Matt Woodburn,,,https://orcid.org/0000-0001-6496-1423,Matt Woodburn,hasGeologicalContext,http://rs.tdwg.org/ltc/terms/hasGeologicalContext
http://rs.tdwg.org/ltc/terms/hasObjectClassification,Has Object Classification,rdf property,http://www.w3.org/2004/02/skos/core#broadMatch,broadMatch,http://purl.org/dc/terms/relation,DCMI Metadata Terms,Relation,rdf property,LtC applies constraints to the subject and object classes of the relation.,,https://creativecommons.org/publicdomain/zero/1.0/,22/06/2023,https://orcid.org/0000-0001-6496-1423,Matt Woodburn,,,https://orcid.org/0000-0001-6496-1423,Matt Woodburn,hasObjectClassification,http://rs.tdwg.org/ltc/terms/hasObjectClassification
http://rs.tdwg.org/ltc/terms/hasOrganisationalUnit,Has Organisational Unit,rdf property,http://www.w3.org/2004/02/skos/core#broadMatch,broadMatch,http://purl.org/dc/terms/relation,DCMI Metadata Terms,Relation,rdf property,LtC applies constraints to the subject and object classes of the relation.,,https://creativecommons.org/publicdomain/zero/1.0/,22/06/2023,https://orcid.org/0000-0001-6496-1423,Matt Woodburn,,,https://orcid.org/0000-0001-6496-1423,Matt Woodburn,hasOrganisationalUnit,http://rs.tdwg.org/ltc/terms/hasOrganisationalUnit
http://rs.tdwg.org/ltc/terms/hasResourceRelationship,Has Resource Relationship,rdf property,http://www.w3.org/2004/02/skos/core#broadMatch,broadMatch,http://purl.org/dc/terms/relation,DCMI Metadata Terms,Relation,rdf property,LtC applies constraints to the subject and object classes of the relation.,,https://creativecommons.org/publicdomain/zero/1.0/,22/06/2023,https://orcid.org/0000-0001-6496-1423,Matt Woodburn,,,https://orcid.org/0000-0001-6496-1423,Matt Woodburn,hasResourceRelationship,http://rs.tdwg.org/ltc/terms/hasResourceRelationship
http://rs.tdwg.org/ltc/terms/hasStorageLocation,Has Storage Location,rdf property,http://www.w3.org/2004/02/skos/core#broadMatch,broadMatch,http://purl.org/dc/terms/relation,DCMI Metadata Terms,Relation,rdf property,LtC applies constraints to the subject and object classes of the relation.,,https://creativecommons.org/publicdomain/zero/1.0/,22/06/2023,https://orcid.org/0000-0001-6496-1423,Matt Woodburn,,,https://orcid.org/0000-0001-6496-1423,Matt Woodburn,hasStorageLocation,http://rs.tdwg.org/ltc/terms/hasStorageLocation
http://rs.tdwg.org/ltc/terms/hasTaxon,Has Taxon,rdf property,http://www.w3.org/2004/02/skos/core#broadMatch,broadMatch,http://purl.org/dc/terms/relation,DCMI Metadata Terms,Relation,rdf property,LtC applies constraints to the subject and object classes of the relation.,,https://creativecommons.org/publicdomain/zero/1.0/,22/06/2023,https://orcid.org/0000-0001-6496-1423,Matt Woodburn,,,https://orcid.org/0000-0001-6496-1423,Matt Woodburn,hasTaxon,http://rs.tdwg.org/ltc/terms/hasTaxon
http://rs.tdwg.org/ltc/terms/material,Material,rdf property,http://www.w3.org/2004/02/skos/core#relatedMatch,relatedMatch,https://www.cidoc-crm.org/Entity/e57-material/version-7.1.1,E55 Type,,rdfs class,"Concepts align, but part of a more complex relational model in CIDOC-CRM.",,https://creativecommons.org/publicdomain/zero/1.0/,22/06/2023,https://orcid.org/0000-0001-6496-1423,Matt Woodburn,,,https://orcid.org/0000-0001-6496-1423,Matt Woodburn,material,http://rs.tdwg.org/ltc/terms/material
http://rs.tdwg.org/ltc/terms/objectType,Object Type,rdf property,http://www.w3.org/2004/02/skos/core#closeMatch,closeMatch,http://rs.tdwg.org/abcd/terms/kindOfUnit,Unit,Kind Of Unit,rdf property,"Concepts closely aligned, but ABCD structural considerations prevents exactMatch.",,https://creativecommons.org/publicdomain/zero/1.0/,22/06/2023,https://orcid.org/0000-0001-6496-1423,Matt Woodburn,,,https://orcid.org/0000-0001-6496-1423,Matt Woodburn,objectType,http://rs.tdwg.org/ltc/terms/objectType
http://rs.tdwg.org/ltc/terms/period,Period,rdf property,http://www.w3.org/2004/02/skos/core#closeMatch,closeMatch,https://www.cidoc-crm.org/Entity/e4-period/version-6.2,E2 Temporal Entity,,rdfs class,"Concepts align, but part of a more complex relational model in CIDOC-CRM.",,https://creativecommons.org/publicdomain/zero/1.0/,22/06/2023,https://orcid.org/0000-0001-6496-1423,Matt Woodburn,,,https://orcid.org/0000-0001-6496-1423,Matt Woodburn,period,http://rs.tdwg.org/ltc/terms/period
http://rs.tdwg.org/ltc/terms/preparationType,Preparation Type,rdf property,http://www.w3.org/2004/02/skos/core#closeMatch,closeMatch,http://rs.tdwg.org/abcd/terms/PreparationType,Specimen Unit,Preparation Type,rdf property,"Concepts closely aligned, but ABCD structural considerations prevents exactMatch.",,https://creativecommons.org/publicdomain/zero/1.0/,22/06/2023,https://orcid.org/0000-0001-6496-1423,Matt Woodburn,,,https://orcid.org/0000-0001-6496-1423,Matt Woodburn,preparationType,http://rs.tdwg.org/ltc/terms/preparationType
http://rs.tdwg.org/ltc/terms/preservationMethod,Preservation Method,rdf property,http://www.w3.org/2004/02/skos/core#closeMatch,closeMatch,http://rs.tdwg.org/abcd/terms/PreservationType,Specimen Unit,Preservation Type,rdf property,"Concepts closely aligned, but ABCD structural considerations prevents exactMatch.",,https://creativecommons.org/publicdomain/zero/1.0/,22/06/2023,https://orcid.org/0000-0001-6496-1423,Matt Woodburn,,,https://orcid.org/0000-0001-6496-1423,Matt Woodburn,preservationMethod,http://rs.tdwg.org/ltc/terms/preservationMethod
http://rs.tdwg.org/ltc/terms/preservationMode,Preservation Mode,rdf property,http://www.w3.org/2004/02/skos/core#closeMatch,closeMatch,http://www.synthesys.info/ABCDEFG/1.0/PreservationMode,PalaeontologicalUnitType,Preservation Mode,rdfs class,"Concepts align closely, but ABCD-EFG is a more complex class.",,https://creativecommons.org/publicdomain/zero/1.0/,22/06/2023,https://orcid.org/0000-0001-6496-1423,Matt Woodburn,,,https://orcid.org/0000-0001-6496-1423,Matt Woodburn,preservationMode,http://rs.tdwg.org/ltc/terms/preservationMode
http://rs.tdwg.org/ltc/terms/typeOfObjectGroup,Type Of Object Group,rdf property,http://www.w3.org/2004/02/skos/core#broadMatch,broadMatch,http://purl.org/dc/terms/type,DCMI Metadata Terms,Type,rdf property,LtC term represents a more specific type of type.,,https://creativecommons.org/publicdomain/zero/1.0/,22/06/2023,https://orcid.org/0000-0001-6496-1423,Matt Woodburn,,,https://orcid.org/0000-0001-6496-1423,Matt Woodburn,typeOfObjectGroup,http://rs.tdwg.org/ltc/terms/typeOfObjectGroup
http://rs.tdwg.org/ltc/terms/hasAddress,Has Address,rdf property,http://www.w3.org/2004/02/skos/core#broadMatch,broadMatch,http://purl.org/dc/terms/relation,DCMI Metadata Terms,Relation,rdf property,LtC applies constraints to the subject and object classes of the relation.,,https://creativecommons.org/publicdomain/zero/1.0/,22/06/2023,https://orcid.org/0000-0001-6496-1423,Matt Woodburn,,,https://orcid.org/0000-0001-6496-1423,Matt Woodburn,hasAddress,http://rs.tdwg.org/ltc/terms/hasAddress
http://rs.tdwg.org/ltc/terms/hasContactDetail,Has Contact Detail,rdf property,http://www.w3.org/2004/02/skos/core#broadMatch,broadMatch,http://purl.org/dc/terms/relation,DCMI Metadata Terms,Relation,rdf property,LtC applies constraints to the subject and object classes of the relation.,,https://creativecommons.org/publicdomain/zero/1.0/,22/06/2023,https://orcid.org/0000-0001-6496-1423,Matt Woodburn,,,https://orcid.org/0000-0001-6496-1423,Matt Woodburn,hasContactDetail,http://rs.tdwg.org/ltc/terms/hasContactDetail
http://rs.tdwg.org/ltc/terms/hasParentOrganisationalUnit,Has Parent Organisational Unit,rdf property,http://www.w3.org/2004/02/skos/core#broadMatch,broadMatch,http://purl.org/dc/terms/relation,DCMI Metadata Terms,Relation,rdf property,LtC applies constraints to the subject and object classes of the relation.,,https://creativecommons.org/publicdomain/zero/1.0/,22/06/2023,https://orcid.org/0000-0001-6496-1423,Matt Woodburn,,,https://orcid.org/0000-0001-6496-1423,Matt Woodburn,hasParentOrganisationalUnit,http://rs.tdwg.org/ltc/terms/hasParentOrganisationalUnit
http://rs.tdwg.org/ltc/terms/organisationalUnitName,Organisational Unit Name,rdf property,http://www.w3.org/2004/02/skos/core#broadMatch,broadMatch,http://purl.org/dc/terms/title,DCMI Metadata Terms,Title,rdf property,LtC narrows scope to an organisational unit title.,,https://creativecommons.org/publicdomain/zero/1.0/,22/06/2023,https://orcid.org/0000-0001-6496-1423,Matt Woodburn,,,https://orcid.org/0000-0001-6496-1423,Matt Woodburn,organisationalUnitName,http://rs.tdwg.org/ltc/terms/organisationalUnitName
http://rs.tdwg.org/ltc/terms/organisationalUnitType,Organisational Unit Type,rdf property,http://www.w3.org/2004/02/skos/core#broadMatch,broadMatch,http://purl.org/dc/terms/type,DCMI Metadata Terms,Type,rdf property,LtC term represents a more specific type of type.,,https://creativecommons.org/publicdomain/zero/1.0/,22/06/2023,https://orcid.org/0000-0001-6496-1423,Matt Woodburn,,,https://orcid.org/0000-0001-6496-1423,Matt Woodburn,organisationalUnitType,http://rs.tdwg.org/ltc/terms/organisationalUnitType
https://schema.org/additionalName,Additional Name,rdf property,http://www.w3.org/2004/02/skos/core#exactMatch,exactMatch,https://schema.org/additionalName,Person,,rdf property,,,https://creativecommons.org/publicdomain/zero/1.0/,22/06/2023,https://orcid.org/0000-0001-6496-1423,Matt Woodburn,,,https://orcid.org/0000-0001-6496-1423,Matt Woodburn,additionalName,https://schema.org/additionalName
https://schema.org/familyName,Family Name,rdf property,http://www.w3.org/2004/02/skos/core#exactMatch,exactMatch,https://schema.org/familyName,Person,,rdf property,,,https://creativecommons.org/publicdomain/zero/1.0/,22/06/2023,https://orcid.org/0000-0001-6496-1423,Matt Woodburn,,,https://orcid.org/0000-0001-6496-1423,Matt Woodburn,familyName,https://schema.org/familyName
http://rs.tdwg.org/abcd/terms/fullName,Full Name,rdf property,http://www.w3.org/2004/02/skos/core#exactMatch,exactMatch,http://rs.tdwg.org/abcd/terms/fullName,Contact,Full Name,rdf property,,,https://creativecommons.org/publicdomain/zero/1.0/,22/06/2023,https://orcid.org/0000-0001-6496-1423,Matt Woodburn,,,https://orcid.org/0000-0001-6496-1423,Matt Woodburn,http://rs.tdwg.org/abcd/terms/fullName,http://rs.tdwg.org/abcd/terms/fullName
https://schema.org/givenName,Given Name,rdf property,http://www.w3.org/2004/02/skos/core#exactMatch,exactMatch,https://schema.org/givenName,Person,,rdf property,,,https://creativecommons.org/publicdomain/zero/1.0/,22/06/2023,https://orcid.org/0000-0001-6496-1423,Matt Woodburn,,,https://orcid.org/0000-0001-6496-1423,Matt Woodburn,givenName,https://schema.org/givenName
http://rs.tdwg.org/ltc/terms/hasPerson,Has Person,rdf property,http://www.w3.org/2004/02/skos/core#broadMatch,broadMatch,http://purl.org/dc/terms/relation,DCMI Metadata Terms,Relation,rdf property,LtC applies constraints to the subject and object classes of the relation.,,https://creativecommons.org/publicdomain/zero/1.0/,22/06/2023,https://orcid.org/0000-0001-6496-1423,Matt Woodburn,,,https://orcid.org/0000-0001-6496-1423,Matt Woodburn,hasPerson,http://rs.tdwg.org/ltc/terms/hasPerson
http://rs.tdwg.org/ltc/terms/hasRole,Has Role,rdf property,http://www.w3.org/2004/02/skos/core#broadMatch,broadMatch,http://purl.org/dc/terms/relation,DCMI Metadata Terms,Relation,rdf property,LtC applies constraints to the subject and object classes of the relation.,,https://creativecommons.org/publicdomain/zero/1.0/,22/06/2023,https://orcid.org/0000-0001-6496-1423,Matt Woodburn,,,https://orcid.org/0000-0001-6496-1423,Matt Woodburn,hasRole,http://rs.tdwg.org/ltc/terms/hasRole
http://purl.org/dc/terms/license,License,rdf property,http://www.w3.org/2004/02/skos/core#broadMatch,broadMatch,http://purl.org/dc/terms/license,DCMI Metadata Terms,License,rdf property,,,https://creativecommons.org/publicdomain/zero/1.0/,22/06/2023,https://orcid.org/0000-0001-6496-1423,Matt Woodburn,,,https://orcid.org/0000-0001-6496-1423,Matt Woodburn,license,http://purl.org/dc/terms/license
http://purl.org/dc/terms/rights,Rights,rdf property,http://www.w3.org/2004/02/skos/core#broadMatch,broadMatch,http://purl.org/dc/terms/rights,DCMI Metadata Terms,Rights,rdf property,,,https://creativecommons.org/publicdomain/zero/1.0/,22/06/2023,https://orcid.org/0000-0001-6496-1423,Matt Woodburn,,,https://orcid.org/0000-0001-6496-1423,Matt Woodburn,rights,http://purl.org/dc/terms/rights
http://purl.org/dc/terms/rightsHolder,Rights Holder,rdf property,http://www.w3.org/2004/02/skos/core#broadMatch,broadMatch,http://purl.org/dc/terms/rightsHolder,DCMI Metadata Terms,Rights Holder,rdf property,,,https://creativecommons.org/publicdomain/zero/1.0/,22/06/2023,https://orcid.org/0000-0001-6496-1423,Matt Woodburn,,,https://orcid.org/0000-0001-6496-1423,Matt Woodburn,rightsHolder,http://purl.org/dc/terms/rightsHolder
http://rs.tdwg.org/ltc/terms/referenceDetails,Reference Details,rdf property,http://www.w3.org/2004/02/skos/core#broadMatch,broadMatch,http://rs.tdwg.org/abcd/terms/details,General,Details,rdf property,LtC constrains the property to details of a reference.,,https://creativecommons.org/publicdomain/zero/1.0/,22/06/2023,https://orcid.org/0000-0001-6496-1423,Matt Woodburn,,,https://orcid.org/0000-0001-6496-1423,Matt Woodburn,referenceDetails,http://rs.tdwg.org/ltc/terms/referenceDetails
http://rs.tdwg.org/ltc/terms/referenceName,Reference Name,rdf property,http://www.w3.org/2004/02/skos/core#broadMatch,broadMatch,http://purl.org/dc/terms/title,DCMI Metadata Terms,Title,rdf property,LtC narrows scope to a reference title.,,https://creativecommons.org/publicdomain/zero/1.0/,22/06/2023,https://orcid.org/0000-0001-6496-1423,Matt Woodburn,,,https://orcid.org/0000-0001-6496-1423,Matt Woodburn,referenceName,http://rs.tdwg.org/ltc/terms/referenceName
http://rs.tdwg.org/ltc/terms/referenceType,Reference Type,rdf property,http://www.w3.org/2004/02/skos/core#broadMatch,broadMatch,http://purl.org/dc/terms/type,DCMI Metadata Terms,Type,rdf property,LtC term represents a more specific type of type.,,https://creativecommons.org/publicdomain/zero/1.0/,22/06/2023,https://orcid.org/0000-0001-6496-1423,Matt Woodburn,,,https://orcid.org/0000-0001-6496-1423,Matt Woodburn,referenceType,http://rs.tdwg.org/ltc/terms/referenceType
http://rs.tdwg.org/ltc/terms/resourceIRI,Resource IRI,rdf property,http://www.w3.org/2004/02/skos/core#broadMatch,broadMatch,http://rs.tdwg.org/abcd/terms/resourceURI,General,Resouce URI,rdf property,LtC term constrains the concept to a reference IRI.,,https://creativecommons.org/publicdomain/zero/1.0/,22/06/2023,https://orcid.org/0000-0001-6496-1423,Matt Woodburn,,,https://orcid.org/0000-0001-6496-1423,Matt Woodburn,resourceIRI,http://rs.tdwg.org/ltc/terms/resourceIRI
http://rs.tdwg.org/dwc/terms/relatedResourceID,Related Resource ID,rdf property,http://www.w3.org/2004/02/skos/core#exactMatch,exactMatch,http://rs.tdwg.org/dwc/terms/relatedResourceID,ResourceRelationship,Related Resource ID,rdf property,,,https://creativecommons.org/publicdomain/zero/1.0/,22/06/2023,https://orcid.org/0000-0001-6496-1423,Matt Woodburn,,,https://orcid.org/0000-0001-6496-1423,Matt Woodburn,relatedResourceID,http://rs.tdwg.org/dwc/terms/relatedResourceID
http://rs.tdwg.org/ltc/terms/relatedResourceName,Related Resource Name,rdf property,http://www.w3.org/2004/02/skos/core#broadMatch,broadMatch,http://purl.org/dc/terms/title,DCMI Metadata Terms,Title,rdf property,LtC narrows scope to the name of a related resource.,,https://creativecommons.org/publicdomain/zero/1.0/,22/06/2023,https://orcid.org/0000-0001-6496-1423,Matt Woodburn,,,https://orcid.org/0000-0001-6496-1423,Matt Woodburn,relatedResourceName,http://rs.tdwg.org/ltc/terms/relatedResourceName
http://rs.tdwg.org/ltc/terms/relatedResourceType,Related Resource Type,rdf property,http://www.w3.org/2004/02/skos/core#broadMatch,broadMatch,http://purl.org/dc/terms/type,DCMI Metadata Terms,Type,rdf property,LtC term represents a more specific type of type.,,https://creativecommons.org/publicdomain/zero/1.0/,22/06/2023,https://orcid.org/0000-0001-6496-1423,Matt Woodburn,,,https://orcid.org/0000-0001-6496-1423,Matt Woodburn,relatedResourceType,http://rs.tdwg.org/ltc/terms/relatedResourceType
http://rs.tdwg.org/dwc/terms/relationshipAccordingTo,Relationship According To,rdf property,http://www.w3.org/2004/02/skos/core#exactMatch,exactMatch,http://rs.tdwg.org/dwc/terms/relationshipAccordingTo,ResourceRelationship,Relationship According To,rdf property,,,https://creativecommons.org/publicdomain/zero/1.0/,22/06/2023,https://orcid.org/0000-0001-6496-1423,Matt Woodburn,,,https://orcid.org/0000-0001-6496-1423,Matt Woodburn,relationshipAccordingTo,http://rs.tdwg.org/dwc/terms/relationshipAccordingTo
http://rs.tdwg.org/dwc/terms/relationshipEstablishedDate,Relationship Established Date,rdf property,http://www.w3.org/2004/02/skos/core#exactMatch,exactMatch,http://rs.tdwg.org/dwc/terms/relationshipEstablishedDate,ResourceRelationship,Relationship Established Date,rdf property,,,https://creativecommons.org/publicdomain/zero/1.0/,22/06/2023,https://orcid.org/0000-0001-6496-1423,Matt Woodburn,,,https://orcid.org/0000-0001-6496-1423,Matt Woodburn,relationshipEstablishedDate,http://rs.tdwg.org/dwc/terms/relationshipEstablishedDate
http://rs.tdwg.org/ltc/terms/relationshipOfResource,Relationship Of Resource,rdf property,http://www.w3.org/2004/02/skos/core#closeMatch,closeMatch,http://rs.tdwg.org/dwc/terms/relationshipOfResource,ResourceRelationship,Relationship Of Resource,rdf property,LtC allows the use of a related resource name rather than requiring a related resource ID.,,https://creativecommons.org/publicdomain/zero/1.0/,22/06/2023,https://orcid.org/0000-0001-6496-1423,Matt Woodburn,,,https://orcid.org/0000-0001-6496-1423,Matt Woodburn,relationshipOfResource,http://rs.tdwg.org/ltc/terms/relationshipOfResource
http://rs.tdwg.org/dwc/terms/relationshipRemarks,Relationship Remarks,rdf property,http://www.w3.org/2004/02/skos/core#exactMatch,exactMatch,http://rs.tdwg.org/dwc/terms/relationshipRemarks,ResourceRelationship,Relationship Remarks,rdf property,,,https://creativecommons.org/publicdomain/zero/1.0/,22/06/2023,https://orcid.org/0000-0001-6496-1423,Matt Woodburn,,,https://orcid.org/0000-0001-6496-1423,Matt Woodburn,relationshipRemarks,http://rs.tdwg.org/dwc/terms/relationshipRemarks
http://rs.tdwg.org/dwc/terms/resourceID,Resource ID,rdf property,http://www.w3.org/2004/02/skos/core#exactMatch,exactMatch,http://rs.tdwg.org/dwc/terms/resourceID,ResourceRelationship,Resource ID,rdf property,,,https://creativecommons.org/publicdomain/zero/1.0/,22/06/2023,https://orcid.org/0000-0001-6496-1423,Matt Woodburn,,,https://orcid.org/0000-0001-6496-1423,Matt Woodburn,resourceID,http://rs.tdwg.org/dwc/terms/resourceID
http://rs.tdwg.org/ltc/terms/roleName,Role Name,rdf property,http://www.w3.org/2004/02/skos/core#broadMatch,broadMatch,http://purl.org/dc/terms/title,DCMI Metadata Terms,Title,rdf property,LtC narrows scope to a role title.,,https://creativecommons.org/publicdomain/zero/1.0/,22/06/2023,https://orcid.org/0000-0001-6496-1423,Matt Woodburn,,,https://orcid.org/0000-0001-6496-1423,Matt Woodburn,roleName,http://rs.tdwg.org/ltc/terms/roleName
http://rs.tdwg.org/ltc/terms/schemeMeasurementType,Scheme Measurement Type,rdf property,http://www.w3.org/2004/02/skos/core#broadMatch,broadMatch,http://purl.org/dc/terms/type,DCMI Metadata Terms,Type,rdf property,LtC term represents a more specific type of type.,,https://creativecommons.org/publicdomain/zero/1.0/,22/06/2023,https://orcid.org/0000-0001-6496-1423,Matt Woodburn,,,https://orcid.org/0000-0001-6496-1423,Matt Woodburn,schemeMeasurementType,http://rs.tdwg.org/ltc/terms/schemeMeasurementType
http://rs.tdwg.org/ltc/terms/termName,Term Name,rdf property,http://www.w3.org/2004/02/skos/core#broadMatch,broadMatch,http://purl.org/dc/terms/title,DCMI Metadata Terms,Title,rdf property,LtC narrows scope to a term title.,,https://creativecommons.org/publicdomain/zero/1.0/,22/06/2023,https://orcid.org/0000-0001-6496-1423,Matt Woodburn,,,https://orcid.org/0000-0001-6496-1423,Matt Woodburn,termName,http://rs.tdwg.org/ltc/terms/termName
http://rs.tdwg.org/ltc/terms/hasParentStorageLocation,Has Parent Storage Location,rdf property,http://www.w3.org/2004/02/skos/core#broadMatch,broadMatch,http://purl.org/dc/terms/relation,DCMI Metadata Terms,Relation,rdf property,LtC applies constraints to the subject and object classes of the relation.,,,,,,,,,,hasParentStorageLocation,http://rs.tdwg.org/ltc/terms/hasParentStorageLocation
http://rs.tdwg.org/ltc/terms/locationDescription,Location Description,rdf property,http://www.w3.org/2004/02/skos/core#broadMatch,broadMatch,http://purl.org/dc/terms/description,DCMI Metadata Terms,Description,rdf property,LtC narrows scope of resources described to StorageLocations.,,https://creativecommons.org/publicdomain/zero/1.0/,13/06/2023,https://orcid.org/0000-0001-6496-1423,Matt Woodburn,,,https://orcid.org/0000-0001-6496-1423,Matt Woodburn,locationDescription,http://rs.tdwg.org/ltc/terms/locationDescription
http://rs.tdwg.org/ltc/terms/locationName,Location Name,rdf property,http://www.w3.org/2004/02/skos/core#broadMatch,broadMatch,http://purl.org/dc/terms/title,DCMI Metadata Terms,Title,rdf property,LtC narrows scope to a storage location title.,,https://creativecommons.org/publicdomain/zero/1.0/,13/06/2023,https://orcid.org/0000-0001-6496-1423,Matt Woodburn,,,https://orcid.org/0000-0001-6496-1423,Matt Woodburn,locationName,http://rs.tdwg.org/ltc/terms/locationName
http://rs.tdwg.org/ltc/terms/locationType,Location Type,rdf property,http://www.w3.org/2004/02/skos/core#broadMatch,broadMatch,http://purl.org/dc/terms/type,DCMI Metadata Terms,Type,rdf property,LtC term represents a more specific type of type.,,https://creativecommons.org/publicdomain/zero/1.0/,13/06/2023,https://orcid.org/0000-0001-6496-1423,Matt Woodburn,,,https://orcid.org/0000-0001-6496-1423,Matt Woodburn,locationType,http://rs.tdwg.org/ltc/terms/locationType
http://rs.tdwg.org/dwc/terms/genus,Genus,rdf property,http://www.w3.org/2004/02/skos/core#exactMatch,exactMatch,http://rs.tdwg.org/dwc/terms/genus,Taxon,Genus,rdf property,,,https://creativecommons.org/publicdomain/zero/1.0/,13/06/2023,https://orcid.org/0000-0001-6496-1423,Matt Woodburn,,,https://orcid.org/0000-0001-6496-1423,Matt Woodburn,genus,http://rs.tdwg.org/dwc/terms/genus
http://rs.tdwg.org/dwc/terms/kingdom,Kingdom,rdf property,http://www.w3.org/2004/02/skos/core#exactMatch,exactMatch,http://rs.tdwg.org/dwc/terms/kingdom,Taxon,Kingdom,rdf property,,,https://creativecommons.org/publicdomain/zero/1.0/,13/06/2023,https://orcid.org/0000-0001-6496-1423,Matt Woodburn,,,https://orcid.org/0000-0001-6496-1423,Matt Woodburn,kingdom,http://rs.tdwg.org/dwc/terms/kingdom
http://rs.tdwg.org/dwc/terms/scientificName,Scientific Name,rdf property,http://www.w3.org/2004/02/skos/core#exactMatch,exactMatch,http://rs.tdwg.org/dwc/terms/scientificName,Taxon,Scientific Name,rdf property,,,https://creativecommons.org/publicdomain/zero/1.0/,13/06/2023,https://orcid.org/0000-0001-6496-1423,Matt Woodburn,,,https://orcid.org/0000-0001-6496-1423,Matt Woodburn,scientificName,http://rs.tdwg.org/dwc/terms/scientificName
http://rs.tdwg.org/dwc/terms/taxonRank,Taxon Rank,rdf property,http://www.w3.org/2004/02/skos/core#exactMatch,exactMatch,http://rs.tdwg.org/dwc/terms/taxonRank,Taxon,Taxon Rank,rdf property,,,https://creativecommons.org/publicdomain/zero/1.0/,13/06/2023,https://orcid.org/0000-0001-6496-1423,Matt Woodburn,,,https://orcid.org/0000-0001-6496-1423,Matt Woodburn,taxonRank,http://rs.tdwg.org/dwc/terms/taxonRank
http://rs.tdwg.org/ltc/terms/endedAtTime,Temporal Coverage End Date,rdf property,http://www.w3.org/2004/02/skos/core#closeMatch,closeMatch,http://www.w3.org/ns/prov#endedAtTime,Activity,,rdf property,"Closely aligned, but used by LtC in a generic TemporalCoverage class rather than directly as a property of an activity.",,https://creativecommons.org/publicdomain/zero/1.0/,13/06/2023,https://orcid.org/0000-0001-6496-1423,Matt Woodburn,,,https://orcid.org/0000-0001-6496-1423,Matt Woodburn,endedAtTime,http://rs.tdwg.org/ltc/terms/endedAtTime
http://rs.tdwg.org/ltc/terms/startedAtTime,Temporal Coverage Start Date,rdf property,http://www.w3.org/2004/02/skos/core#closeMatch,closeMatch,http://www.w3.org/ns/prov#startedAtTime,Activity,,rdf property,"Closely aligned, but used by LtC in a generic TemporalCoverage class rather than directly as a property of an activity.",,https://creativecommons.org/publicdomain/zero/1.0/,13/06/2023,https://orcid.org/0000-0001-6496-1423,Matt Woodburn,,,https://orcid.org/0000-0001-6496-1423,Matt Woodburn,startedAtTime,http://rs.tdwg.org/ltc/terms/startedAtTime
http://rs.tdwg.org/ltc/terms/temporalCoverageType,Temporal Coverage Type,rdf property,http://www.w3.org/2004/02/skos/core#broadMatch,broadMatch,http://purl.org/dc/terms/type,DCMI Metadata Terms,Type,rdf property,LtC term represents a more specific type of type.,,https://creativecommons.org/publicdomain/zero/1.0/,13/06/2023,https://orcid.org/0000-0001-6496-1423,Matt Woodburn,,,https://orcid.org/0000-0001-6496-1423,Matt Woodburn,temporalCoverageType,http://rs.tdwg.org/ltc/terms/temporalCoverageType
